{
  "parameters": {
    "block_size": 95,
    "offset": -16,
    "connectivity_closing": 3,
    "connectivity_dilation": 1,
    "min_object_size": 65
  },
  "mask_points": [
    [
      622.2857142857144,
      50.63392857142867
    ],
    [
      438.08035714285717,
      106.69642857142867
    ],
    [
      316.0982142857143,
      184.32142857142867
    ],
    [
      206.4375,
      306.919642857143
    ],
    [
      126.96428571428567,
      456.6250000000001
    ],
    [
      173.78571428571428,
      529.9375000000001
    ],
    [
      248.33035714285717,
      529.9375000000001
    ],
    [
      385.7142857142857,
      521.3125000000001
    ],
    [
      507.6964285714286,
      424.58928571428584
    ],
    [
      544.6607142857144,
      368.52678571428584
    ],
    [
      658.0178571428571,
      370.3750000000001
    ],
    [
      807.1071428571429,
      224.36607142857156
    ],
    [
      715.3125,
      62.33928571428578
    ]
  ],
  "image_path": "./data/annotated_kincardine/annotated_2005-12-31 Kincardine.png"
}